id,signal_id,symbol,category,strategy,timestamp,utc_hour,session,direction,entry_price,stop_loss,take_profit,risk_reward_ratio,stop_distance_pct,tp_distance_pct,outcome,exit_price,exit_time,pnl_pct,hours_to_exit,midas_value,midas_distance_pct,midas_slope,vwap_value,vwap_distance_pct,vwap_sigma,vwap_slope,rsi_value,rsi_divergence_type,rsi_divergence_strength,rsi_first_pivot,rsi_second_pivot,bars_between_pivots,rsi_zone,ema_9,ema_21,ema_50,ema_200,poc,vah,val,hvn_count,price_relative_to_poc,atr_value,atr_pct,body_size_atr,wick_top_ratio,wick_bottom_ratio,volume_current,volume_avg,volume_multiple,volume_quality,trend_state,trend_bias,trend_strength,momentum_gap_pct,vroc,cmf,mfi,macd_histogram,macd_histogram_slope,adx,bollinger_percent_b,bollinger_bandwidth,market_structure_state,distance_to_resistance_pct,distance_to_support_pct,is_choppy,is_mean_reversion,bars_in_trend,bars_since_anchor,entry_side_of_vwap,entry_side_of_midas,is_range_day,signal_strength,confidence_score,setup_quality,bars_until_executed,slippage_pct,notes,created_at
055c145b-3e41-403a-84d8-1c78ea90b04d,20295342-7212-415c-971b-d56b696d25b6,ORDI/USDT,meme,VWAP Sigma,2025-11-29 13:01:18.834,13,Overlap,long,4.05500000,4.00744570,4.11206516,1.20,1.1727,1.4073,pending,,,,,,,,4.12766680,-1.7605,3.8202,,,,,,,,,4.07191555,4.07410002,4.08644709,4.10497073,4.10592000,4.17360000,4.06080000,,below,0.01902172,0.4691,1.0514,0.1667,0.0000,33214.50,30186.62,1.10,normal,ranging,bearish,1.00,,38.93,-0.1419,41.86,0.00221097,-0.000568,18.88,0.2997,0.0150,higher_highs,1.1837,0.8878,f,f,,3,below,,,96.00,39.00,C,,,,2025-11-29 14:01:18.846558
ea3a4cf2-3252-4eb3-9286-3a083c0d7e84,eeb228ae-29fc-451c-bd2b-82796897667c,BCH/USDT,midcap,Fast Momentum Gap,2025-11-29 12:31:18.775,12,London,short,526.72000000,531.06273120,521.50872256,1.20,0.8245,0.9894,pending,,,,,533.44350014,-1.2604,,,,,,,,,,,,,528.66649782,529.96850888,532.91103640,536.55553500,532.78400000,537.47400000,528.56300000,,below,1.44757707,0.2748,0.8359,0.2941,0.1584,2859.08,1642.66,1.74,strong,ranging,bearish,1.00,-1.2604,196.04,-0.1801,36.92,-0.00457359,-0.022184,32.50,-0.1051,0.0094,lower_lows,1.3537,0.0664,f,f,,3,,below,,89.56,57.00,C,,,,2025-11-29 13:31:18.781717
f6896733-093b-432e-bf28-a57bcfe7c79e,cb872b7d-bc9b-47f1-a774-d9410faad825,RUNE/USDT,midcap,RSI Divergence,2025-11-29 12:16:18.659,12,London,long,0.63890000,0.63500330,0.64357604,1.20,0.6099,0.7319,pending,,,,,,,,,,,,48.12,bullish,,,,,neutral,0.63863097,0.63885939,0.64118404,0.64457130,,,,,,0.00177123,0.2772,0.6775,0.4545,0.0000,90396.00,71050.15,1.27,normal,ranging,neutral,0.00,,39.41,0.1359,39.73,0.00058029,0.000049,41.06,0.7580,0.0068,ranging,0.3443,0.8296,f,f,,4,,,,72.00,32.00,C,,,,2025-11-29 13:16:18.665393
38c9f53b-012a-4996-a419-8f1ab94c70bf,f5d83a38-039e-48e0-871f-bce2454b9b27,ETC/USDT,midcap,Fast Momentum Gap,2025-11-29 12:16:18.612,12,London,short,13.67300000,13.78328933,13.54065280,1.20,0.8066,0.9679,pending,,,,,13.74710050,-0.5390,,,,,,,,,,,,,13.68355262,13.69349799,13.72994427,13.82031545,13.66848000,13.84128000,13.64544000,,at,0.03676311,0.2689,0.8704,0.2444,0.0444,40354.34,19011.57,2.12,strong,ranging,bearish,0.00,-0.5390,111.66,-0.0957,58.17,0.00803597,0.001136,35.64,0.4987,0.0057,lower_lows,0.4973,0.4827,f,f,,2,,below,,75.19,53.00,C,,,,2025-11-29 13:16:18.623455
6de7b418-1261-4a9e-b4d3-34ce69b0e77c,30763508-53f5-4bd3-b7df-1d225d959817,RUNE/USDT,midcap,VWAP Sigma,2025-11-29 09:16:19.095,9,London,long,0.63640000,0.63218682,0.64145581,1.20,0.6620,0.7944,win,0.64200000,2025-11-29 12:06:44.909,0.6600,1.84,,,,0.64890828,-1.9276,6.5315,,,,,,,,,0.63800147,0.64011823,0.64310467,0.64542236,0.64524000,0.65825800,0.64241000,,below,0.00191508,0.3009,0.2611,0.3750,0.4167,91938.00,81647.65,1.13,normal,ranging,bearish,1.00,,76.52,-0.0016,24.99,-0.00020265,0.000051,37.88,0.1666,0.0196,lower_lows,1.5242,0.1571,f,f,,3,below,,,76.00,33.00,C,,,,2025-11-29 10:16:19.101985
187c0716-9a04-4eec-a2a8-8ff6d163dff3,89a1fb94-079d-4c2a-ade6-0b7b039d3667,PEPE/USDT,meme,VWAP Sigma,2025-11-29 09:01:23.515,9,London,long,0.00455090,0.00450093,0.00461086,1.20,1.0980,1.3175,loss,0.00450093,2025-11-29 09:01:44.985,-1.0980,-0.99,,,,0.00468595,-2.8820,6.7571,,,,,,,,,0.00456421,0.00458254,0.00460985,0.00464000,0.00462278,0.00478021,0.00456553,,below,0.00001999,0.4392,0.2402,0.1216,0.5541,431296153.00,388046640.75,1.11,normal,ranging,bearish,1.00,,153.23,-0.0647,23.36,-0.00000263,0.000000,30.12,0.1550,0.0231,lower_lows,1.9183,0.2351,f,f,,1,below,,,96.00,39.00,C,,,,2025-11-29 10:01:23.52259
910bbd72-3677-4056-8b5e-d33f709b6d92,56b39bf1-c3be-4678-8fbe-8b15845c7898,SHIB/USDT,meme,Fast Momentum Gap,2025-11-29 06:31:19.952,6,Asian,short,0.00852900,0.00862631,0.00841222,1.20,1.1409,1.3692,win,0.00000853,2025-11-29 06:31:24.165,99.9000,-1.00,0.00862258,-1.0853,,,,,,,,,,,,,0.00855248,0.00857828,0.00862983,0.00866262,0.00867984,0.00869696,0.00857284,,below,0.00003041,0.3566,0.8221,0.1186,0.4576,143813753.00,53044187.70,2.71,strong,ranging,bearish,1.00,-1.0853,269.44,-0.1905,26.73,-0.00000151,0.000000,30.34,0.0430,0.0121,lower_lows,1.2076,0.3166,f,f,,2,,below,,100.00,70.00,B,,,,2025-11-29 07:31:19.959451
46e1bbf7-a063-44ab-b504-125380a88cad,55d6ce09-b8ef-4762-bf69-9e80449cc9d8,SAND/USDT,midcap,VWAP Sigma,2025-11-29 06:31:19.91,6,Asian,long,0.15798000,0.15659118,0.15964658,1.20,0.8791,1.0549,loss,0.15659118,2025-11-29 09:21:56.702,-0.8791,1.84,,,,0.15983066,-1.1579,2.9316,,,,,,,,,0.15862584,0.15873032,0.15896816,0.15958380,0.15887700,0.16192500,0.15811500,,below,0.00063128,0.3996,1.6633,0.0972,0.1736,872809.00,369217.40,2.36,strong,ranging,bearish,1.00,,303.80,0.0575,41.41,-0.00004578,-0.000003,11.40,-0.0798,0.0091,lower_lows,1.3040,0.1582,f,f,,4,below,,,82.00,45.00,C,,,,2025-11-29 07:31:19.917012
def683b7-636c-4da1-b064-3e5167690ae5,18042783-dc3b-43e7-81a8-c9f12b7734c2,DASH/USDT,midcap,VWAP Sigma,2025-11-29 05:16:18.798,5,Asian,long,57.29000000,56.39063006,58.36924393,1.20,1.5699,1.8838,pending,,,,,,,,58.55070623,-2.1532,3.0839,,,,,,,,,57.62665588,57.72113118,58.00913480,59.60579294,58.76400000,59.16240000,57.83440000,,below,0.40880452,0.7136,1.3454,0.0000,0.0179,8845.53,8750.22,1.01,normal,ranging,bearish,1.00,,27.75,-0.1002,41.07,0.02035643,0.005055,14.36,0.1626,0.0215,ranging,2.3564,0.8902,f,f,,2,below,,,76.00,33.00,C,,,,2025-11-29 06:16:18.803706
c042a141-b89d-4054-b25c-27ba870269a0,fd634837-3c4c-4e71-b5dd-ff248b4a39fd,XLM/USDT,midcap,RSI Divergence,2025-11-29 05:01:19.422,5,Asian,long,0.25426000,0.25219856,0.25673373,1.20,0.8108,0.9729,loss,0.25219856,2025-11-29 05:51:56.388,-0.8108,-0.16,,,,,,,,60.95,bullish,,,,,neutral,0.25247299,0.25258662,0.25348315,0.25434485,,,,,,0.00093702,0.3685,1.5154,0.1013,0.0000,2005629.00,1486133.65,1.35,normal,ranging,neutral,1.00,,35.23,0.0127,58.21,0.00024865,0.000071,20.54,1.1231,0.0119,ranging,0.0629,1.3018,f,f,,3,,,,72.00,32.00,C,,,,2025-11-29 06:01:19.429023
91a6f277-9958-4272-9acb-cd25c51736ef,4d3ca473-742e-4994-9621-735cfe6ff30c,SHIB/USDT,meme,VWAP Sigma,2025-11-29 04:16:18.881,4,Asian,long,0.00856900,0.00850821,0.00864195,1.20,0.7094,0.8513,loss,0.00850821,2025-11-29 04:16:25.551,-0.7094,-1.00,,,,0.00881193,-2.7568,9.9901,,,,,,,,,0.00859062,0.00861463,0.00866274,0.00867274,0.00868294,0.00902434,0.00860328,,below,0.00002432,0.2838,0.3290,0.2174,0.4348,46560137.00,45998197.75,1.01,normal,ranging,bearish,1.00,,-16.88,-0.1750,26.28,-0.00000099,0.000000,30.07,0.0808,0.0125,lower_lows,1.4121,0.1167,f,f,,4,below,,,96.00,39.00,C,,,,2025-11-29 05:16:18.88698
4ede9f01-0342-470d-acdf-2d9c2e574fb7,ff11c8d6-2d21-4dd5-a808-e340a869b70f,TIA/USDT,midcap,VWAP Sigma,2025-11-29 03:01:19.071,3,Asian,short,0.63490000,0.64540831,0.62229003,1.20,1.6551,1.9861,loss,0.64540831,2025-11-29 04:37:33.073,-1.6551,0.60,,,,0.61872941,2.6135,3.3854,,,,,,,,,0.63087965,0.62800535,0.62408769,0.62705843,0.62335000,0.63245000,0.61061000,,above,0.00477650,0.7523,0.9630,0.0000,0.2203,1421951.00,1212258.75,1.17,normal,ranging,bullish,2.00,,215.95,-0.0935,70.73,-0.00004664,-0.000014,31.03,0.9683,0.0219,higher_highs,0.3308,2.1106,f,f,,2,above,,,96.00,39.00,C,,,,2025-11-29 04:01:19.076975
ba6d451c-d658-4991-836e-9d3de622c2d1,eb50c505-3b37-4ba7-a656-4c635f93c181,SHIB/USDT,meme,Fast Momentum Gap,2025-11-29 02:46:18.872,2,Asian,short,0.00858900,0.00867254,0.00848876,1.20,0.9726,1.1671,win,0.00000858,2025-11-29 02:46:46.711,99.9001,-0.99,0.00871454,-1.4406,,,,,,,,,,,,,0.00860987,0.00863609,0.00868297,0.00867793,0.00868152,0.00884988,0.00859368,,below,0.00002611,0.3039,0.2298,0.2308,0.5385,66684265.00,45759975.40,1.46,normal,ranging,bearish,1.00,-1.4406,57.73,-0.1461,15.42,-0.00000288,0.000000,30.54,0.0806,0.0138,lower_lows,1.3040,0.2329,f,f,,5,,below,,83.12,45.00,C,,,,2025-11-29 03:46:18.878784
b71c80d4-b701-4838-9ea9-e72dfafdca7e,27f43e23-fde2-4e7c-b995-f639f0f043a0,STX/USDT,midcap,VWAP Sigma,2025-11-29 02:01:18.874,2,Asian,long,0.31620000,0.31386739,0.31899914,1.20,0.7377,0.8852,win,0.31620000,2025-11-29 02:32:34.749,0.1139,-0.48,,,,0.31984549,-1.1398,3.4382,,,,,,,,,0.31663151,0.31719179,0.31844114,0.32018606,0.31784800,0.32347600,0.31624000,,below,0.00106028,0.3353,0.3773,0.5556,0.0000,148292.00,133755.85,1.11,normal,ranging,bearish,1.00,,-79.00,-0.0716,47.88,0.00003732,-0.000005,28.55,0.2367,0.0102,ranging,1.0120,0.5693,f,f,,2,below,,,82.00,35.00,C,,,,2025-11-29 03:01:18.883406
d2185da7-7ca4-49dd-8b43-270b1027b408,227b5490-f9be-44d5-9773-24ab873addf2,VET/USDT,midcap,Fast Momentum Gap,2025-11-29 00:31:19.413,0,Asian,short,0.01359200,0.01373709,0.01341790,1.20,1.0675,1.2809,win,0.01352236,2025-11-29 06:47:28.694,0.7911,5.27,0.01377529,-1.3306,,,,,,,,,,,,,0.01361722,0.01364619,0.01371888,0.01375941,0.01365626,0.01405286,0.01356372,,below,0.00004836,0.3558,0.2895,0.2549,0.4706,10668270.00,6542719.70,1.63,strong,ranging,bearish,1.00,-1.3306,176.91,-0.1572,26.81,0.00000516,-0.000001,35.44,0.2112,0.0123,lower_lows,1.1477,0.4562,f,f,,5,,below,,87.06,56.00,C,,,,2025-11-29 01:31:19.419526
28a211dc-f423-4dce-8064-525111d96999,04869e9b-97c2-4bbc-8035-153b887b4b61,EGLD/USDT,midcap,Fast Momentum Gap,2025-11-29 00:16:18.961,0,Asian,short,7.41400000,7.52359750,7.28248300,1.20,1.4783,1.7739,win,7.36139320,2025-11-29 04:32:52.229,1.0618,3.28,7.56864003,-2.0432,,,,,,,,,,,,,7.47414924,7.50177625,7.56210257,7.71699864,7.50684000,7.71738000,7.46328000,,below,0.03653250,0.4928,1.5055,0.2024,0.1429,26688.20,6293.81,4.24,spike,ranging,bearish,2.00,-2.0432,602.69,-0.1082,10.15,-0.00174929,-0.001740,33.94,-0.2779,0.0147,lower_lows,1.8748,0.1619,f,f,,4,,below,,100.00,71.00,B,,,,2025-11-29 01:16:18.966227
4909c61f-7b76-4739-9fc0-8e0695f8458f,303eab8a-955a-404e-8437-d8d47466d0b8,ATOM/USDT,midcap,VWAP Sigma,2025-11-29 00:16:18.916,0,Asian,long,2.43600000,2.41558853,2.46049377,1.20,0.8379,1.0055,loss,2.44500000,2025-11-29 01:28:20.284,0.3695,0.20,,,,2.48298632,-1.8923,5.0643,,,,,,,,,2.44271664,2.44801976,2.46169450,2.48868357,2.48534000,2.51196000,2.43694000,,below,0.00927794,0.3809,0.1078,0.4000,0.4000,82275.04,70630.25,1.16,normal,ranging,bearish,1.00,,51.28,-0.0225,32.27,0.00033004,-0.000359,23.97,0.1349,0.0134,lower_lows,1.1084,0.2463,f,f,,4,below,,,96.00,39.00,C,,,,2025-11-29 01:16:18.921735
c6e87380-9248-45a0-bb2a-f1f7bbd708c8,547b7ebb-3ce5-4ff9-a022-07d412d0252f,ZEC/USDT,midcap,VWAP Sigma,2025-11-28 23:46:18.942,23,Asian,long,453.16000000,444.68174478,463.33390626,1.20,1.8709,2.2451,loss,444.68174478,2025-11-29 00:17:23.221,-1.8709,-0.48,,,,469.22720019,-3.4242,4.1692,,,,,,,,,456.57728275,458.90471655,463.95865284,483.87389722,472.43040000,479.48160000,455.68380000,,below,3.85375237,0.8504,0.4749,0.1464,0.4414,26296.19,13831.14,1.90,strong,ranging,bearish,2.00,,101.35,0.0155,47.14,-0.11832410,-0.006228,32.08,-0.0167,0.0235,lower_lows,2.6061,0.4325,f,f,,2,below,,,96.00,49.00,C,,,,2025-11-29 00:46:18.947814
98234fdd-5561-4118-bec4-da9b2dba669a,18e8d37b-34c7-4177-8498-135c87ec1e83,NEAR/USDT,midcap,RSI Divergence,2025-11-28 23:16:18.89,23,Asian,long,1.87900000,1.85314104,1.91003075,1.20,1.3762,1.6515,win,1.89141230,2025-11-29 05:51:24.333,0.9783,5.58,,,,,,,,47.82,bullish,,,,,neutral,1.87640507,1.87988970,1.88857828,1.90117708,,,,,,0.01175407,0.6255,0.3403,0.4375,0.3125,742225.00,344947.05,2.15,strong,ranging,bearish,0.00,,81.25,0.1230,54.56,0.00117032,0.000357,25.99,0.5683,0.0137,ranging,0.9047,1.0644,f,f,,4,,,,93.00,48.00,C,,,,2025-11-29 00:16:18.894612
1ffb2e15-c445-4146-af57-87002ecbd43a,ed7b4cc1-6b8f-414a-a4ff-3c08307d22ff,EGLD/USDT,midcap,RSI Divergence,2025-11-28 23:16:18.863,23,Asian,long,7.50900000,7.44126503,7.59028196,1.20,0.9021,1.0825,loss,7.44126503,2025-11-29 00:05:28.711,-0.9021,-0.18,,,,,,,,44.09,bullish,,,,,neutral,7.50523936,7.52313821,7.58032972,7.72760940,,,,,,0.03078862,0.4100,0.1299,0.3200,0.5200,8481.20,7863.09,1.08,normal,choppy,bearish,1.00,,0.98,0.2556,27.09,0.00600878,0.000653,31.33,0.4561,0.0077,ranging,0.5860,0.5860,f,f,,4,,,,71.00,32.00,C,,,,2025-11-29 00:16:18.868692
3e6630db-def2-47ff-8ed6-e30ffe4b4b92,244424b2-5262-457f-9fd8-63a63ba1a154,VET/USDT,midcap,Fast Momentum Gap,2025-11-28 20:31:19.133,20,NY,short,0.01367600,0.01391100,0.01339400,1.20,1.7183,2.0620,win,0.01367600,2025-11-28 22:58:37.919,0.2545,1.46,0.01386122,-1.3362,,,,,,,,,,,,,0.01368130,0.01373435,0.01380294,0.01378257,0.01399998,0.01409252,0.01361660,,below,0.00007833,0.5728,0.3957,0.3723,0.2979,20843131.00,12550176.85,1.66,strong,ranging,bearish,1.00,-1.3362,103.02,-0.2213,47.14,0.00000477,0.000003,30.97,0.4019,0.0421,lower_lows,3.5683,1.2650,f,f,,3,,below,,87.75,57.00,C,,,,2025-11-28 21:31:19.139444
3599c2ca-a3a7-4b0f-8dae-e3b32a73329a,2d76cf59-4b32-43cb-b7e9-de0777fff1c5,COMP/USDT,midcap,Fast Momentum Gap,2025-11-28 18:16:18.879,18,NY,long,31.79000000,30.82412863,32.94904564,1.20,3.0383,3.6459,win,32.95000000,2025-11-28 18:32:45.958,2.5417,-0.73,30.83582166,3.0944,,,,,,,,,,,,,31.27729657,30.98913649,30.64432293,30.31163717,31.14240000,31.41120000,29.99040000,,above,0.32195712,1.0128,1.2424,0.0465,0.0233,26213.62,21015.82,1.25,normal,ranging,bullish,4.00,3.0944,-40.81,0.1886,75.39,0.04451659,0.006749,42.77,0.9595,0.0587,higher_highs,0.0629,5.6307,f,f,,4,,above,,78.35,45.00,C,,,,2025-11-28 19:16:18.883367
8b992d61-d5c2-49b8-a314-0d9e6d02d7cc,e3d28ff0-b1cf-4cb1-b922-9b2f0b2712b9,SOL/USDT,major,Fast Momentum Gap,2025-11-28 18:16:18.84,18,NY,short,137.31000000,140.44193883,133.55167340,1.20,2.2809,2.7371,expired,137.42000000,2025-11-29 05:16:20.605,-0.0801,10.00,140.40329583,-2.2032,,,,,,,,,,,,,138.29094872,139.57841638,140.30291775,140.40540498,142.11120000,142.72640000,136.88200000,,below,1.11854958,0.8146,0.1788,0.1056,0.7702,781613.02,486001.07,1.61,strong,ranging,bearish,3.00,-2.2032,55.22,-0.1963,18.29,-0.50454440,0.006636,30.40,0.1409,0.0620,lower_lows,4.5517,1.0487,f,f,,1,,below,,86.55,57.00,C,,,,2025-11-28 19:16:18.84628
9bea641b-4622-46f1-b19a-483cd200eaf2,609019d9-3311-4846-9a08-0a23a5585fa6,ETC/USDT,midcap,RSI Divergence,2025-11-28 16:16:19.2,16,NY,short,13.90900000,14.06577606,13.72086872,1.20,1.1272,1.3526,win,13.83374749,2025-11-28 16:32:15.316,0.8142,-0.73,,,,,,,,48.28,bearish,,,,,neutral,13.94608500,13.93185435,13.90331852,13.91591475,,,,,,0.07126185,0.5123,0.6595,0.1143,0.2143,49465.72,34158.75,1.45,normal,ranging,neutral,0.00,,158.33,-0.0224,48.49,-0.00146277,-0.001322,17.19,0.4432,0.0138,higher_highs,0.8771,0.6758,f,f,,2,,,,75.00,33.00,C,,,,2025-11-28 17:16:19.204619
4f958424-6bd4-4187-a36b-b4325a21d9b9,30351578-f27a-4dcf-b502-530cbdd5e7c9,BCH/USDT,midcap,VWAP Sigma,2025-11-28 16:16:19.157,16,NY,short,541.44000000,547.96970354,533.60435575,1.20,1.2060,1.4472,loss,547.96970354,2025-11-28 19:13:17.843,-1.2060,1.95,,,,536.14425173,0.9877,1.7843,,,,,,,,,539.90726834,538.24600265,536.87172176,536.70209006,535.23600000,538.15600000,532.31600000,,above,2.96804707,0.5482,0.2224,0.1746,0.5635,3023.76,2846.92,1.06,normal,ranging,bullish,1.00,,66.18,0.1023,64.11,0.52901322,-0.001397,22.66,0.8373,0.0235,higher_highs,0.3768,1.9023,f,f,,1,above,,,76.00,33.00,C,,,,2025-11-28 17:16:19.163153
2b4320be-17dc-4179-b395-5c972a02064a,35988923-7691-47cf-a099-e0d97b1b88f2,ALGO/USDT,midcap,RSI Divergence,2025-11-28 16:16:19.108,16,NY,short,0.14580000,0.14772333,0.14349200,1.20,1.3192,1.5830,win,0.14340000,2025-11-28 17:13:12.74,1.1523,-0.05,,,,,,,,52.64,bearish,,,,,neutral,0.14601397,0.14565128,0.14517953,0.14489497,,,,,,0.00087424,0.5996,0.3432,0.0000,0.5714,1485704.70,933331.57,1.59,strong,ranging,bullish,0.00,,370.32,0.0389,50.29,0.00002662,-0.000021,21.94,0.6146,0.0234,higher_highs,1.0288,1.3717,f,f,,3,,,,65.00,40.00,C,,,,2025-11-28 17:16:19.113762
e1bdd358-b5c1-4aee-a07f-fa9d8f7345bb,74938abd-7195-475b-b5f2-5cd5f1518e49,PNUT/USDT,meme,Fast Momentum Gap,2025-11-28 15:01:18.845,15,Overlap,long,0.09782000,0.09189542,0.10492950,1.20,6.0566,7.2679,win,0.10066380,2025-11-28 15:36:12.29,4.2146,-0.42,0.09355395,4.5600,,,,,,,,,,,,,0.09521522,0.09359446,0.09223778,0.09045727,0.09232140,0.09721260,0.08946820,,above,0.00185143,1.8927,0.9830,0.2437,0.1039,13288192.00,6475699.05,2.05,strong,ranging,bullish,7.00,4.5600,163.19,0.0791,78.48,0.00055740,0.000112,35.68,1.0562,0.0916,higher_highs,1.5743,7.8920,f,f,,2,,above,,96.64,61.00,B,,,,2025-11-28 16:01:18.849185
3e9e65ad-b9bc-4b69-b113-0f42c64271eb,77e198d4-3356-4446-af52-83a24fbb10d2,COMP/USDT,midcap,Fast Momentum Gap,2025-11-28 15:01:18.813,15,Overlap,long,31.31000000,30.35914321,32.45102815,1.20,3.0369,3.6443,win,31.31000000,2025-11-28 15:09:18.082,0.4503,-0.87,30.41902150,2.9290,,,,,,,,,,,,,30.54258758,30.35091663,30.24902066,30.18648975,30.08120000,30.64640000,29.95560000,,above,0.31695226,1.0123,2.1454,0.0800,0.0133,45625.90,12671.26,3.60,spike,ranging,bullish,4.00,2.9290,341.33,0.1914,65.07,0.09903938,0.026714,31.83,1.3555,0.0391,ranging,0.1916,4.3117,f,f,,2,,above,,100.00,71.00,B,,,,2025-11-28 16:01:18.818755
08535ef8-95c8-4321-9f33-eb9edef689bd,679f296f-673a-4e95-97e7-f3c04144a029,NEIRO/USDT,meme,Fast Momentum Gap,2025-11-28 12:31:19.733,12,London,long,0.00013720,0.00013235,0.00014302,1.20,3.5350,4.2420,win,0.00013720,2025-11-28 13:02:54.304,0.5095,-0.47,0.00013340,2.8486,,,,,,,,,,,,,0.00013522,0.00013439,0.00013390,0.00013238,0.00013155,0.00013607,0.00013082,,above,0.00000151,1.1041,0.9902,0.0000,0.1667,4909558774.00,2550902231.10,1.92,strong,ranging,bullish,3.00,2.8486,12.97,0.2071,67.30,0.00000019,0.000000,30.14,0.9394,0.0480,higher_highs,0.0000,4.9563,f,f,,2,,above,,93.74,59.00,C,,,,2025-11-28 13:31:19.739491
7e9f926e-55a3-4bb6-bd3b-a9906dc981bf,bc077d49-3fa8-45ca-8f65-c790e685b3af,AAVE/USDT,midcap,VWAP Sigma,2025-11-28 11:01:19.17,11,London,short,187.88000000,190.04562781,185.28124663,1.20,1.1527,1.3832,win,185.25000000,2025-11-28 11:15:41.945,0.9863,-0.76,,,,185.41168225,1.3313,2.5075,,,,,,,,,187.09492297,186.60299695,186.04196916,183.79020544,186.04480000,187.39840000,182.73600000,,above,0.98437628,0.5239,1.0159,0.2143,0.0714,5569.10,4921.33,1.13,normal,ranging,bullish,1.00,,191.55,0.0876,54.93,0.05982531,-0.032514,26.78,0.8265,0.0250,higher_highs,0.8197,1.7990,f,f,,3,above,,,90.00,37.00,C,,,,2025-11-28 12:01:19.180631
1ee82eb8-2b67-4e7a-833e-160c6a12aaf8,9bd51aa9-baab-4c94-8bda-2030ebd4f343,COMP/USDT,midcap,Fast Momentum Gap,2025-11-28 10:01:18.739,10,London,long,30.37000000,30.02023624,30.78971652,1.20,1.1517,1.3820,win,30.37000000,2025-11-28 11:14:31.187,0.1679,0.22,30.12586938,0.8104,,,,,,,,,,,,,30.25799342,30.15393363,30.15258178,30.16099449,29.98840000,30.32420000,29.93000000,,above,0.11658792,0.3839,0.3431,0.4000,0.2000,2405.92,1745.23,1.38,normal,ranging,bullish,1.00,0.8104,189.85,0.2495,67.93,0.04815039,-0.001651,32.01,0.9066,0.0233,higher_highs,0.4281,1.8110,f,f,,1,,above,,71.85,42.00,C,,,,2025-11-28 11:01:18.743623
8f2d6d01-c752-469c-94b9-b59934f03cd5,25af4d94-d4da-4a3e-9608-ac28f202f533,ARB/USDT,midcap,Fast Momentum Gap,2025-11-28 10:01:18.707,10,London,long,0.22170000,0.21745983,0.22678820,1.20,1.9126,2.2951,win,0.22170000,2025-11-28 14:38:12.683,0.2842,3.61,0.22019396,0.6840,,,,,,,,,,,,,0.22136736,0.22023360,0.21989419,0.21820491,0.21815200,0.22288800,0.21741200,,above,0.00141339,0.6375,0.1415,0.2500,0.5000,3446220.60,3034285.33,1.14,normal,ranging,bullish,1.00,0.6840,145.87,0.2523,72.50,0.00048078,-0.000051,31.07,0.7536,0.0395,higher_highs,1.1728,2.1651,f,f,,3,,above,,60.01,38.00,C,,,,2025-11-28 11:01:18.712789
32e65372-ca31-4b11-bae0-9ab320fb62d6,c143cf57-4636-41b5-87c8-82ce1f892e64,EGLD/USDT,midcap,RSI Divergence,2025-11-28 09:01:30.476,9,London,long,7.78700000,7.67122900,7.92592520,1.20,1.4867,1.7841,loss,7.67122900,2025-11-28 11:15:33.976,-1.4867,1.23,,,,,,,,63.35,bullish,,,,,neutral,7.69711710,7.69018914,7.73958178,7.82542064,,,,,,0.05262318,0.6758,1.7483,0.1121,0.0948,18447.10,9483.54,1.95,strong,ranging,neutral,1.00,,89.61,0.0977,68.61,0.01846353,0.003088,27.73,1.2988,0.0193,ranging,0.1669,2.2088,f,f,,4,,,,87.00,46.00,C,,,,2025-11-28 10:01:30.480181
a8767862-43ea-4212-acac-4d89734ebb9c,6cec4802-d2d1-432d-bdc8-2a379ced280e,AXS/USDT,midcap,RSI Divergence,2025-11-28 09:01:30.422,9,London,long,1.16600000,1.14658458,1.18929851,1.20,1.6651,1.9982,loss,1.14658458,2025-11-28 16:28:00.636,-1.6651,6.44,,,,,,,,68.38,bullish,,,,,neutral,1.15101337,1.14709615,1.14959057,1.14839575,,,,,,0.00882519,0.7569,1.2464,0.1875,0.1250,214950.00,170219.45,1.26,normal,ranging,neutral,2.00,,70.59,-0.0399,37.75,0.00320246,0.000658,30.37,1.2165,0.0267,ranging,0.2573,2.7444,f,f,,2,,,,68.00,31.00,C,,,,2025-11-28 10:01:30.428084
4da22374-51de-4818-9c60-8f7caf037406,41e9de33-d590-4e91-ad87-35d47a5e07de,AXS/USDT,midcap,Fast Momentum Gap,2025-11-28 07:16:19.393,7,Asian,short,1.13800000,1.15656062,1.11572726,1.20,1.6310,1.9572,loss,1.15656062,2025-11-28 08:21:49.123,-1.6310,0.09,1.14822183,-0.8902,,,,,,,,,,,,,1.14021248,1.14282265,1.14926854,1.14829991,1.13952000,1.15776000,1.13472000,,below,0.00618687,0.5437,0.3233,0.1667,0.5000,125025.00,112999.30,1.11,normal,choppy,bearish,1.00,-0.8902,341.89,-0.1687,28.50,0.00042895,-0.000124,34.62,0.2488,0.0096,higher_highs,0.8787,0.4394,f,f,,1,,below,,69.66,41.00,C,,,,2025-11-28 08:16:19.399182
c337ab3c-7ff2-4711-8340-22f596437697,a511173c-7170-40b5-a0fd-093bfa55c076,ZIL/USDT,midcap,RSI Divergence,2025-11-28 05:16:18.804,5,Asian,long,0.00594000,0.00586802,0.00602638,1.20,1.2118,1.4542,win,0.00594000,2025-11-28 07:32:31.693,0.2020,1.27,,,,,,,,45.51,bullish,,,,,neutral,0.00593497,0.00594916,0.00596775,0.00598218,,,,,,0.00003272,0.5508,0.9169,0.2000,0.2000,6525386.00,4777533.95,1.37,normal,ranging,bearish,0.00,,-5.71,-0.1541,53.94,0.00000055,0.000000,19.71,0.4363,0.0132,ranging,1.5152,0.6734,f,f,,2,,,,69.00,31.00,C,,,,2025-11-28 06:16:18.808676
6bbaf5d2-5fe5-4e4f-9879-997676654287,821437bd-57b9-4cbe-9f27-5fdd6c6112ff,ATOM/USDT,midcap,VWAP Sigma,2025-11-28 05:16:18.771,5,Asian,long,2.48700000,2.46671672,2.51133993,1.20,0.8156,0.9787,loss,2.46671672,2025-11-28 06:29:27.186,-0.8156,0.22,,,,2.51883885,-1.2640,3.4534,,,,,,,,,2.48738021,2.49509786,2.50834686,2.50868400,2.52326000,2.54222000,2.50904000,,below,0.00921967,0.3707,0.6508,0.0909,0.3636,98729.96,95794.61,1.03,normal,ranging,bearish,1.00,,-25.21,-0.1386,30.02,0.00077654,0.000033,42.59,0.3540,0.0144,ranging,1.2063,0.5227,f,f,,2,below,,,96.00,39.00,C,,,,2025-11-28 06:16:18.777399
b7e77be0-3bdd-484e-ad68-348ef06c2ff6,107bfa37-b1ad-40c7-92bc-315f5e3f818d,NEAR/USDT,midcap,Fast Momentum Gap,2025-11-28 05:01:18.902,5,Asian,short,1.87800000,1.90631738,1.84401915,1.20,1.5078,1.8094,loss,1.90631738,2025-11-28 08:12:04.734,-1.5078,2.18,1.90766468,-1.5550,,,,,,,,,,,,,1.88564482,1.89213325,1.90514883,1.90957708,1.93556000,1.94386000,1.87580000,,below,0.00943913,0.5026,0.6357,0.1250,0.1250,410127.00,335883.80,1.22,normal,ranging,bearish,1.00,-1.5550,57.39,-0.2181,27.80,0.00106929,0.000087,33.03,0.2443,0.0248,lower_lows,2.1299,0.6922,f,f,,5,,below,,77.75,44.00,C,,,,2025-11-28 06:01:18.908367
410b4957-fb98-41c1-833d-15c0a9242010,27877a02-1c1a-4e4e-acd7-6535a58ea374,DOGE/USDT,meme,VWAP Sigma,2025-11-28 03:16:18.712,3,Asian,long,0.15060000,0.14889020,0.15265176,1.20,1.1353,1.3624,win,0.15270000,2025-11-28 08:51:54.627,0.9608,4.59,,,,0.15290800,-1.5094,3.3747,,,,,,,,,0.15078253,0.15157164,0.15243045,0.15248292,0.15260000,0.15423500,0.15238200,,below,0.00068392,0.4541,0.4971,0.3000,0.0200,43410354.00,39976068.35,1.09,normal,ranging,bearish,1.00,,141.10,-0.1751,24.26,-0.00010596,0.000046,38.88,0.2521,0.0295,lower_lows,2.1979,0.6839,f,f,,3,below,,,76.00,33.00,C,,,,2025-11-28 04:16:18.718206
b0eafe09-8ff4-4b33-ab7b-ba394e54ef07,a20a388a-e5a5-4fd0-bd52-3c9960050cb7,SOL/USDT,major,Fast Momentum Gap,2025-11-28 02:01:19.385,2,Asian,short,138.95000000,141.00025051,136.48969938,1.20,1.4755,1.7706,loss,141.00025051,2025-11-28 08:51:24.511,-1.4755,5.83,141.36695058,-1.7097,,,,,,,,,,,,,140.05427082,140.73798716,141.34172103,140.48719248,141.76800000,142.73600000,140.62400000,,below,0.73223233,0.5270,0.9833,0.0971,0.2039,271746.30,152598.69,1.78,strong,ranging,bearish,2.00,-1.7097,561.32,-0.1416,20.88,-0.19327830,-0.027795,34.86,-0.0573,0.0249,lower_lows,2.5261,0.1511,f,f,,3,,below,,90.47,58.00,C,,,,2025-11-28 03:01:19.392011
e659a6d4-8283-41b9-becf-591f99c59563,51eb8c69-5c96-4ef6-81c5-b69295a66865,ETC/USDT,midcap,VWAP Sigma,2025-11-28 00:31:18.656,0,Asian,long,13.84500000,13.74275863,13.96768965,1.20,0.7385,0.8862,win,13.84500000,2025-11-28 01:10:30.486,0.1192,-0.35,,,,13.97570081,-0.9352,2.8124,,,,,,,,,13.87319380,13.90724144,13.93565846,13.96110737,13.95828000,14.03468000,13.85132000,,below,0.04647335,0.3357,0.1076,0.2500,0.6538,34440.74,20051.26,1.72,strong,ranging,bearish,1.00,,383.53,0.1709,27.68,-0.01053635,0.000850,27.01,0.1482,0.0160,lower_lows,1.1773,0.2817,f,f,,2,below,,,90.00,47.00,C,,,,2025-11-28 01:31:18.661974
5633fd16-8402-476d-8eeb-66aec36fb0f8,e4f1b1f9-834e-4809-b6eb-3288dfc25791,EGLD/USDT,midcap,VWAP Sigma,2025-11-28 00:16:18.695,0,Asian,long,7.85300000,7.78622718,7.93312739,1.20,0.8503,1.0203,win,7.94000000,2025-11-28 00:25:39.029,0.7895,-0.84,,,,7.96937286,-1.4603,3.8342,,,,,,,,,7.86433062,7.88293956,7.90332703,7.88167186,7.98750000,8.06250000,7.89750000,,below,0.03035128,0.3865,0.2965,0.3636,0.3636,10879.00,5982.80,1.82,strong,ranging,bearish,1.00,,128.40,-0.0171,34.95,-0.00560142,0.000566,14.11,0.1963,0.0171,lower_lows,1.4007,0.3693,f,f,,1,below,,,96.00,49.00,C,,,,2025-11-28 01:16:18.706409
8ceb2019-5edc-4800-bc98-fa9e6bbf4ae6,771d73b1-9410-4654-8182-a674ffa8ea92,AXS/USDT,midcap,Fast Momentum Gap,2025-11-27 23:46:18.855,23,Asian,short,1.15800000,1.17330499,1.13963401,1.20,1.3217,1.5860,win,1.13900000,2025-11-28 02:07:45.209,1.1399,1.36,1.16634541,-0.7155,,,,,,,,,,,,,1.15970936,1.16408759,1.16415827,1.14990689,1.15692000,1.17676000,1.15506000,,at,0.00510166,0.4406,0.7841,0.0000,0.5000,56890.00,49924.50,1.14,normal,ranging,bearish,1.00,-0.7155,32.44,-0.1627,2.52,-0.00207526,0.000030,31.68,0.2007,0.0283,lower_lows,1.9862,0.6908,f,f,,2,,below,,61.67,39.00,C,,,,2025-11-28 00:46:18.859069
f7c75cd5-1a2c-4b05-99b0-ab48bef65b94,14dae6b1-fe75-4ed9-a8a5-dbc5a3eb52bf,ALGO/USDT,midcap,Fast Momentum Gap,2025-11-27 23:46:18.829,23,Asian,short,0.14430000,0.14624082,0.14197102,1.20,1.3450,1.6140,win,0.14430000,2025-11-28 08:11:35.137,0.2079,7.42,0.14531149,-0.6961,,,,,,,,,,,,,0.14496187,0.14550144,0.14563171,0.14510280,0.14462000,0.14679000,0.14413000,,below,0.00064694,0.4483,0.0000,0.1250,0.8750,857272.30,606300.26,1.41,normal,ranging,bearish,1.00,-0.6961,83.10,-0.1655,10.32,-0.00029325,-0.000015,31.10,0.0649,0.0262,lower_lows,1.9404,0.4851,f,f,,9,,below,,66.94,40.00,C,,,,2025-11-28 00:46:18.835613
6e47424a-c182-4820-8947-b284fbf83382,15dd2911-0f6d-4cf9-8202-58768757cf28,NEO/USDT,midcap,VWAP Sigma,2025-11-27 22:01:18.689,22,Asian,short,4.41100000,4.43601523,4.38098172,1.20,0.5671,0.6805,win,4.37900000,2025-11-27 22:53:24.128,0.4942,-0.13,,,,4.37083379,0.9190,3.5325,,,,,,,,,4.41795211,4.41139801,4.39463381,4.34363645,4.35954000,4.41378000,4.34372000,,above,0.01137056,0.2578,0.9674,0.1538,0.0000,8991.02,8179.78,1.10,normal,ranging,neutral,0.00,,-16.85,-0.1533,54.77,-0.00147462,-0.000039,38.34,0.3346,0.0060,higher_highs,0.5214,0.2267,f,f,,2,above,,,96.00,39.00,C,,,,2025-11-27 23:01:18.69567
83d95968-5be8-408b-9ec7-e46c6684abbe,d641598d-1aeb-4e33-bd06-3cb32d4e086f,SAND/USDT,midcap,VWAP Sigma,2025-11-27 20:16:18.778,20,NY,short,0.16344000,0.16470221,0.16192535,1.20,0.7723,0.9267,win,0.16180000,2025-11-27 22:44:03.338,0.6669,1.46,,,,0.16119895,1.3902,3.9061,,,,,,,,,0.16325506,0.16270830,0.16181774,0.15966973,0.16074240,0.16306080,0.15996960,,above,0.00057373,0.3510,0.0697,0.3590,0.5385,532706.00,490611.20,1.09,normal,ranging,bullish,1.00,,-15.65,0.0843,52.38,-0.00001848,-0.000032,36.39,0.7072,0.0183,higher_highs,0.2692,1.8172,f,f,,2,above,,,76.00,33.00,C,,,,2025-11-27 21:16:18.785975
86d45b05-c169-44fe-a84a-d63735c667b5,5413fbf4-e616-45b9-b00e-3e01ccdfaa88,CHZ/USDT,midcap,RSI Divergence,2025-11-27 20:01:19.311,20,NY,short,0.02954000,0.02975145,0.02928626,1.20,0.7158,0.8590,win,0.02943850,2025-11-27 23:06:00.73,0.5291,2.08,,,,,,,,64.95,bearish,,,,,neutral,0.02949362,0.02939090,0.02925027,0.02903254,,,,,,0.00009611,0.3254,0.1040,0.2857,0.5714,4592734.00,2171080.50,2.12,strong,ranging,bullish,1.00,,312.68,0.2179,53.43,0.00000218,-0.000002,33.08,0.7276,0.0211,higher_highs,0.2708,1.7603,f,f,,1,,,,82.00,45.00,C,,,,2025-11-27 21:01:19.31833
beb68b18-f4d2-40e9-9b4e-4176e0ae99f3,3a289efe-d754-4a75-85af-9c6f3e64b8b0,BCH/USDT,midcap,VWAP Sigma,2025-11-27 19:46:19.254,19,NY,long,534.59000000,529.74005025,540.40993971,1.20,0.9072,1.0887,win,534.59000000,2025-11-27 23:07:01.232,0.1352,2.34,,,,540.90793114,-1.1680,2.8659,,,,,,,,,533.62435145,534.64919895,537.17818574,537.71996067,543.83700000,546.23100000,533.86200000,,below,2.20452262,0.4124,1.0116,0.3235,0.0206,3124.66,2180.39,1.43,normal,ranging,bearish,0.00,,23.86,-0.0830,39.23,0.23313005,0.002077,18.66,0.5993,0.0084,lower_lows,0.6079,0.6566,f,f,,2,below,,,88.00,36.00,C,,,,2025-11-27 20:46:19.261504
6e6b366d-7291-4c79-8511-541d488c8238,e2d42952-efb3-4726-b821-dce8db78b2e4,TIA/USDT,midcap,RSI Divergence,2025-11-27 19:31:18.798,19,NY,short,0.65600000,0.66849326,0.64100809,1.20,1.9045,2.2854,loss,0.66849326,2025-11-27 20:05:18.301,-1.9045,-0.43,,,,,,,,61.50,bearish,,,,,neutral,0.65463313,0.65017496,0.64411122,0.63268231,,,,,,0.00567875,0.8657,0.4050,0.5256,0.1795,1840211.00,1130981.85,1.63,strong,ranging,bullish,2.00,,189.07,0.0003,73.73,0.00050858,-0.000091,36.98,0.7181,0.0482,ranging,1.0976,3.4146,f,f,,1,,,,70.00,42.00,C,,,,2025-11-27 20:31:18.805327
84b13628-1be6-4012-b319-cb4dbd0eb001,4e1e98dc-bb3d-4b75-a00d-cd437291610b,NEO/USDT,midcap,Fast Momentum Gap,2025-11-27 18:31:18.677,18,NY,long,4.40500000,4.36958825,4.44749411,1.20,0.8039,0.9647,win,4.42199764,2025-11-27 21:50:53.376,0.5562,2.33,4.37384592,0.7123,,,,,,,,,,,,,4.40330768,4.39180321,4.37687923,4.33256708,4.36240000,4.40996000,4.35256000,,above,0.01180392,0.2680,0.0847,0.8000,0.1000,10813.35,8748.35,1.24,normal,ranging,bullish,1.00,0.7123,79.51,0.0836,81.49,0.00148013,-0.000947,32.09,0.7034,0.0201,higher_highs,0.3859,1.1805,f,f,,4,,above,,63.71,39.00,C,,,,2025-11-27 19:31:18.682463
41ed96cb-2043-40c7-ad12-ffebcb0554ee,dc7b9cc5-8018-45d5-aa16-a86044ff2645,NEIRO/USDT,meme,Fast Momentum Gap,2025-11-27 18:31:18.644,18,NY,long,0.00013710,0.00013245,0.00014268,1.20,3.3917,4.0700,win,0.00013933,2025-11-27 18:50:43.297,2.3559,-0.68,0.00013393,2.3669,,,,,,,,,,,,,0.00013627,0.00013459,0.00013304,0.00013030,0.00013100,0.00013820,0.00013040,,above,0.00000145,1.0607,0.7564,0.0714,0.1429,2310433281.00,2048941614.10,1.13,normal,ranging,bullish,3.00,2.3669,158.07,0.1457,69.31,0.00000040,0.000000,42.53,0.8314,0.0684,higher_highs,1.8235,4.9599,f,f,,1,,above,,75.63,44.00,C,,,,2025-11-27 19:31:18.649725
7f75afa6-14ca-408b-961d-c7cbb2e19bdf,c9f79f51-08f8-466c-bfae-a0432fa41150,SHIB/USDT,meme,VWAP Sigma,2025-11-27 17:31:19.555,17,NY,short,0.00869300,0.00878024,0.00858831,1.20,1.0036,1.2043,win,0.00000870,2025-11-27 17:31:33.947,99.8999,-1.00,,,,0.00861653,0.8874,2.1913,,,,,,,,,0.00868039,0.00864417,0.00861057,0.00851941,0.00863054,0.00867140,0.00853520,,above,0.00003490,0.4014,0.3152,0.7609,0.0000,135691814.00,97742486.55,1.39,normal,ranging,bullish,1.00,,13.44,0.1566,73.82,0.00000552,-0.000003,34.27,0.7400,0.0311,higher_highs,0.4831,2.0936,f,f,,1,above,,,90.00,37.00,C,,,,2025-11-27 18:31:19.569601
06ab73cc-c833-4ac3-ac37-a2e125d2f849,ae4d45c9-64dd-4efa-aeeb-03e7c55ae4bb,XLM/USDT,midcap,RSI Divergence,2025-11-27 16:25:19.186,16,NY,long,0.25465000,0.25187751,0.25797699,1.20,1.0887,1.3065,win,0.25465000,2025-11-27 22:45:20.166,0.1590,5.33,,,,,,,,56.17,bullish,,,,,neutral,0.25312588,0.25331070,0.25460093,0.25369918,,,,,,0.00126022,0.4949,0.5793,0.0000,0.5876,3146398.00,2168357.00,1.45,normal,ranging,neutral,0.00,,35.13,0.0270,67.64,0.00044371,0.000080,27.05,1.0408,0.0156,higher_highs,0.0000,1.5237,f,f,,4,,,,82.00,35.00,C,,,,2025-11-27 17:25:19.190544
63336276-13f6-449a-8f1f-f7b441d20841,ecef063d-d243-4398-826d-f6bc00da84a8,OP/USDT,midcap,Fast Momentum Gap,2025-11-27 16:25:19.137,16,NY,long,0.34270000,0.33559099,0.35123081,1.20,2.0744,2.4893,loss,0.33559099,2025-11-27 22:43:53.464,-2.0744,5.31,0.33277303,2.9831,,,,,,,,,,,,,0.33827671,0.33549885,0.33197250,0.32429405,0.33152000,0.33522000,0.32708000,,above,0.00236967,0.6915,0.2954,0.1786,0.5714,3308126.30,1801398.17,1.84,strong,ranging,bullish,3.00,2.9831,242.03,0.2309,85.90,0.00074428,0.000155,37.86,1.1043,0.0389,higher_highs,0.1459,3.8809,f,f,,4,,above,,91.74,58.00,C,,,,2025-11-27 17:25:19.149655
b760e34e-3b2d-4550-98f1-de2eabcd3f15,46a82ce5-2fdb-4f4d-a490-6f8ee65072cd,BCH/USDT,midcap,Fast Momentum Gap,2025-11-27 16:25:19.09,16,NY,short,535.46000000,542.11812800,527.47024640,1.20,1.2434,1.4921,win,535.46000000,2025-11-27 19:38:55.688,0.1826,2.23,540.89614189,-1.0050,,,,,,,,,,,,,535.49849122,537.38149087,539.73270034,538.32751661,543.70440000,545.10120000,533.92680000,,below,2.21937600,0.4145,0.2253,0.1422,0.6209,2522.84,2188.89,1.15,normal,ranging,bearish,1.00,-1.0050,93.49,-0.1686,24.11,-0.06516660,0.099829,30.17,0.3201,0.0221,lower_lows,1.5874,0.3530,f,f,,1,,below,,76.19,43.00,C,,,,2025-11-27 17:25:19.097143
